<?xml version="1.0" encoding="UTF-8"?>
<project-private xmlns="http://www.netbeans.org/ns/project-private/1">
    <editor-bookmarks xmlns="http://www.netbeans.org/ns/editor-bookmarks/2" lastBookmarkId="0"/>
    <open-files xmlns="http://www.netbeans.org/ns/projectui-open-files/2">
        <group>
            <file>file:/home/ellalves/www/scripts/php/POO/ellalvesFramework/App/Models/User.php</file>
            <file>file:/home/ellalves/www/scripts/php/POO/ellalvesFramework/Core/Router.php</file>
            <file>file:/home/ellalves/www/scripts/php/POO/ellalvesFramework/index.php</file>
            <file>file:/home/ellalves/www/scripts/php/POO/ellalvesFramework/App/Configurations/Config.php</file>
            <file>file:/home/ellalves/www/scripts/php/POO/ellalvesFramework/App/Controllers/Admin/Users.php</file>
            <file>file:/home/ellalves/www/scripts/php/POO/ellalvesFramework/Core/Model.php</file>
            <file>file:/home/ellalves/www/scripts/php/POO/ellalvesFramework/App/Controllers/Site/Home.php</file>
            <file>file:/home/ellalves/www/scripts/php/POO/ellalvesFramework/Core/Database.php</file>
            <file>file:/home/ellalves/www/scripts/php/POO/ellalvesFramework/Core/System.php</file>
        </group>
    </open-files>
</project-private>
